filepath,true_class,predicted_class,confidence
data/val\glioma\Tr-glTr_0003.jpg,glioma,glioma,0.999187
data/val\glioma\Tr-glTr_0007.jpg,glioma,glioma,0.976138
data/val\glioma\Tr-glTr_0009.jpg,glioma,glioma,0.996135
data/val\glioma\Tr-gl_0013.jpg,glioma,glioma,0.984828
data/val\glioma\Tr-gl_0021.jpg,glioma,glioma,0.998817
data/val\glioma\Tr-gl_0025.jpg,glioma,meningioma,0.826658
data/val\glioma\Tr-gl_0026.jpg,glioma,glioma,0.933947
data/val\glioma\Tr-gl_0035.jpg,glioma,glioma,0.974937
data/val\glioma\Tr-gl_0045.jpg,glioma,pituitary,0.503778
data/val\glioma\Tr-gl_0046.jpg,glioma,pituitary,0.443623
data/val\glioma\Tr-gl_0053.jpg,glioma,glioma,0.642713
data/val\glioma\Tr-gl_0054.jpg,glioma,glioma,0.844198
data/val\glioma\Tr-gl_0069.jpg,glioma,glioma,0.972002
data/val\glioma\Tr-gl_0071.jpg,glioma,glioma,0.993844
data/val\glioma\Tr-gl_0087.jpg,glioma,meningioma,0.492079
data/val\glioma\Tr-gl_0094.jpg,glioma,glioma,0.998125
data/val\glioma\Tr-gl_0098.jpg,glioma,pituitary,0.427810
data/val\glioma\Tr-gl_0102.jpg,glioma,glioma,0.779856
data/val\glioma\Tr-gl_0103.jpg,glioma,glioma,0.998578
data/val\glioma\Tr-gl_0107.jpg,glioma,glioma,0.809154
data/val\glioma\Tr-gl_0110.jpg,glioma,glioma,0.991853
data/val\glioma\Tr-gl_0114.jpg,glioma,glioma,0.991578
data/val\glioma\Tr-gl_0118.jpg,glioma,glioma,0.989083
data/val\glioma\Tr-gl_0123.jpg,glioma,glioma,0.999295
data/val\glioma\Tr-gl_0127.jpg,glioma,glioma,0.997665
data/val\glioma\Tr-gl_0141.jpg,glioma,glioma,0.715271
data/val\glioma\Tr-gl_0158.jpg,glioma,glioma,0.999985
data/val\glioma\Tr-gl_0160.jpg,glioma,glioma,0.996626
data/val\glioma\Tr-gl_0171.jpg,glioma,glioma,0.981333
data/val\glioma\Tr-gl_0178.jpg,glioma,glioma,0.923240
data/val\glioma\Tr-gl_0183.jpg,glioma,glioma,0.692080
data/val\glioma\Tr-gl_0186.jpg,glioma,glioma,0.421686
data/val\glioma\Tr-gl_0190.jpg,glioma,glioma,0.891320
data/val\glioma\Tr-gl_0204.jpg,glioma,glioma,0.998451
data/val\glioma\Tr-gl_0207.jpg,glioma,glioma,0.999918
data/val\glioma\Tr-gl_0209.jpg,glioma,glioma,0.999876
data/val\glioma\Tr-gl_0210.jpg,glioma,glioma,0.999936
data/val\glioma\Tr-gl_0214.jpg,glioma,glioma,0.998366
data/val\glioma\Tr-gl_0217.jpg,glioma,glioma,0.999940
data/val\glioma\Tr-gl_0219.jpg,glioma,glioma,0.999972
data/val\glioma\Tr-gl_0223.jpg,glioma,pituitary,0.480127
data/val\glioma\Tr-gl_0227.jpg,glioma,glioma,0.948385
data/val\glioma\Tr-gl_0233.jpg,glioma,glioma,0.860423
data/val\glioma\Tr-gl_0236.jpg,glioma,glioma,0.588563
data/val\glioma\Tr-gl_0252.jpg,glioma,glioma,0.888604
data/val\glioma\Tr-gl_0254.jpg,glioma,glioma,0.980704
data/val\glioma\Tr-gl_0255.jpg,glioma,glioma,0.983555
data/val\glioma\Tr-gl_0259.jpg,glioma,glioma,0.999716
data/val\glioma\Tr-gl_0260.jpg,glioma,glioma,0.999923
data/val\glioma\Tr-gl_0267.jpg,glioma,glioma,0.991901
data/val\glioma\Tr-gl_0270.jpg,glioma,glioma,0.993591
data/val\glioma\Tr-gl_0273.jpg,glioma,glioma,0.976096
data/val\glioma\Tr-gl_0275.jpg,glioma,glioma,0.983266
data/val\glioma\Tr-gl_0277.jpg,glioma,glioma,0.983448
data/val\glioma\Tr-gl_0281.jpg,glioma,glioma,0.994844
data/val\glioma\Tr-gl_0287.jpg,glioma,glioma,0.991905
data/val\glioma\Tr-gl_0292.jpg,glioma,glioma,0.998328
data/val\glioma\Tr-gl_0293.jpg,glioma,glioma,0.998592
data/val\glioma\Tr-gl_0294.jpg,glioma,glioma,0.997978
data/val\glioma\Tr-gl_0298.jpg,glioma,glioma,0.800268
data/val\glioma\Tr-gl_0302.jpg,glioma,glioma,0.970166
data/val\glioma\Tr-gl_0305.jpg,glioma,glioma,0.568087
data/val\glioma\Tr-gl_0308.jpg,glioma,glioma,0.943621
data/val\glioma\Tr-gl_0313.jpg,glioma,glioma,0.997262
data/val\glioma\Tr-gl_0315.jpg,glioma,glioma,0.998548
data/val\glioma\Tr-gl_0317.jpg,glioma,glioma,0.998871
data/val\glioma\Tr-gl_0326.jpg,glioma,pituitary,0.719845
data/val\glioma\Tr-gl_0330.jpg,glioma,glioma,0.983041
data/val\glioma\Tr-gl_0331.jpg,glioma,glioma,0.996995
data/val\glioma\Tr-gl_0334.jpg,glioma,glioma,0.999065
data/val\glioma\Tr-gl_0336.jpg,glioma,glioma,0.999221
data/val\glioma\Tr-gl_0337.jpg,glioma,glioma,0.999371
data/val\glioma\Tr-gl_0338.jpg,glioma,glioma,0.999377
data/val\glioma\Tr-gl_0342.jpg,glioma,glioma,0.929661
data/val\glioma\Tr-gl_0344.jpg,glioma,glioma,0.800978
data/val\glioma\Tr-gl_0351.jpg,glioma,glioma,0.994065
data/val\glioma\Tr-gl_0355.jpg,glioma,notumor,0.872647
data/val\glioma\Tr-gl_0367.jpg,glioma,glioma,0.952403
data/val\glioma\Tr-gl_0371.jpg,glioma,glioma,0.919071
data/val\glioma\Tr-gl_0374.jpg,glioma,glioma,0.975632
data/val\glioma\Tr-gl_0376.jpg,glioma,glioma,0.998510
data/val\glioma\Tr-gl_0381.jpg,glioma,glioma,0.714190
data/val\glioma\Tr-gl_0382.jpg,glioma,glioma,0.948501
data/val\glioma\Tr-gl_0384.jpg,glioma,glioma,0.792807
data/val\glioma\Tr-gl_0393.jpg,glioma,glioma,0.993920
data/val\glioma\Tr-gl_0396.jpg,glioma,glioma,0.999461
data/val\glioma\Tr-gl_0399.jpg,glioma,glioma,0.999473
data/val\glioma\Tr-gl_0406.jpg,glioma,glioma,0.998811
data/val\glioma\Tr-gl_0417.jpg,glioma,glioma,0.890151
data/val\glioma\Tr-gl_0421.jpg,glioma,glioma,0.993464
data/val\glioma\Tr-gl_0434.jpg,glioma,glioma,0.994867
data/val\glioma\Tr-gl_0440.jpg,glioma,glioma,0.999431
data/val\glioma\Tr-gl_0448.jpg,glioma,glioma,0.992571
data/val\glioma\Tr-gl_0453.jpg,glioma,glioma,0.993344
data/val\glioma\Tr-gl_0461.jpg,glioma,glioma,0.969834
data/val\glioma\Tr-gl_0464.jpg,glioma,glioma,0.998729
data/val\glioma\Tr-gl_0483.jpg,glioma,glioma,0.662852
data/val\glioma\Tr-gl_0489.jpg,glioma,glioma,0.933595
data/val\glioma\Tr-gl_0496.jpg,glioma,glioma,0.998979
data/val\glioma\Tr-gl_0506.jpg,glioma,glioma,0.995819
data/val\glioma\Tr-gl_0508.jpg,glioma,glioma,0.999398
data/val\glioma\Tr-gl_0509.jpg,glioma,glioma,0.999919
data/val\glioma\Tr-gl_0512.jpg,glioma,glioma,0.870832
data/val\glioma\Tr-gl_0518.jpg,glioma,glioma,0.981455
data/val\glioma\Tr-gl_0519.jpg,glioma,glioma,0.960456
data/val\glioma\Tr-gl_0521.jpg,glioma,glioma,0.996576
data/val\glioma\Tr-gl_0523.jpg,glioma,glioma,0.999710
data/val\glioma\Tr-gl_0524.jpg,glioma,pituitary,0.690460
data/val\glioma\Tr-gl_0529.jpg,glioma,glioma,0.997880
data/val\glioma\Tr-gl_0539.jpg,glioma,glioma,0.999428
data/val\glioma\Tr-gl_0542.jpg,glioma,glioma,0.999013
data/val\glioma\Tr-gl_0556.jpg,glioma,glioma,0.992682
data/val\glioma\Tr-gl_0557.jpg,glioma,glioma,0.992433
data/val\glioma\Tr-gl_0558.jpg,glioma,glioma,0.998188
data/val\glioma\Tr-gl_0559.jpg,glioma,glioma,0.997253
data/val\glioma\Tr-gl_0561.jpg,glioma,glioma,0.999961
data/val\glioma\Tr-gl_0562.jpg,glioma,glioma,0.999510
data/val\glioma\Tr-gl_0564.jpg,glioma,glioma,0.988644
data/val\glioma\Tr-gl_0570.jpg,glioma,glioma,0.975611
data/val\glioma\Tr-gl_0571.jpg,glioma,glioma,0.999239
data/val\glioma\Tr-gl_0585.jpg,glioma,glioma,0.927441
data/val\glioma\Tr-gl_0588.jpg,glioma,glioma,0.993863
data/val\glioma\Tr-gl_0592.jpg,glioma,glioma,0.972539
data/val\glioma\Tr-gl_0601.jpg,glioma,glioma,0.883557
data/val\glioma\Tr-gl_0611.jpg,glioma,glioma,0.892637
data/val\glioma\Tr-gl_0624.jpg,glioma,glioma,0.999476
data/val\glioma\Tr-gl_0625.jpg,glioma,glioma,0.999030
data/val\glioma\Tr-gl_0632.jpg,glioma,glioma,0.993510
data/val\glioma\Tr-gl_0633.jpg,glioma,glioma,0.983237
data/val\glioma\Tr-gl_0634.jpg,glioma,glioma,0.995727
data/val\glioma\Tr-gl_0646.jpg,glioma,glioma,0.999080
data/val\glioma\Tr-gl_0648.jpg,glioma,glioma,0.979969
data/val\glioma\Tr-gl_0650.jpg,glioma,glioma,0.934834
data/val\glioma\Tr-gl_0651.jpg,glioma,glioma,0.885592
data/val\glioma\Tr-gl_0653.jpg,glioma,glioma,0.981257
data/val\glioma\Tr-gl_0656.jpg,glioma,glioma,0.994057
data/val\glioma\Tr-gl_0671.jpg,glioma,glioma,0.987738
data/val\glioma\Tr-gl_0681.jpg,glioma,glioma,0.999860
data/val\glioma\Tr-gl_0685.jpg,glioma,glioma,0.900999
data/val\glioma\Tr-gl_0696.jpg,glioma,glioma,0.639481
data/val\glioma\Tr-gl_0698.jpg,glioma,glioma,0.997814
data/val\glioma\Tr-gl_0704.jpg,glioma,glioma,0.990468
data/val\glioma\Tr-gl_0723.jpg,glioma,glioma,0.858298
data/val\glioma\Tr-gl_0729.jpg,glioma,glioma,0.997359
data/val\glioma\Tr-gl_0737.jpg,glioma,glioma,0.987780
data/val\glioma\Tr-gl_0741.jpg,glioma,glioma,0.971064
data/val\glioma\Tr-gl_0748.jpg,glioma,glioma,0.990112
data/val\glioma\Tr-gl_0752.jpg,glioma,glioma,0.996813
data/val\glioma\Tr-gl_0759.jpg,glioma,glioma,0.995191
data/val\glioma\Tr-gl_0761.jpg,glioma,glioma,0.992366
data/val\glioma\Tr-gl_0762.jpg,glioma,glioma,0.998593
data/val\glioma\Tr-gl_0770.jpg,glioma,glioma,0.996367
data/val\glioma\Tr-gl_0771.jpg,glioma,glioma,0.997545
data/val\glioma\Tr-gl_0780.jpg,glioma,glioma,0.917551
data/val\glioma\Tr-gl_0789.jpg,glioma,glioma,0.998709
data/val\glioma\Tr-gl_0793.jpg,glioma,glioma,0.999129
data/val\glioma\Tr-gl_0803.jpg,glioma,glioma,0.700126
data/val\glioma\Tr-gl_0810.jpg,glioma,glioma,0.769096
data/val\glioma\Tr-gl_0817.jpg,glioma,glioma,0.995919
data/val\glioma\Tr-gl_0835.jpg,glioma,glioma,0.966278
data/val\glioma\Tr-gl_0837.jpg,glioma,glioma,0.995760
data/val\glioma\Tr-gl_0840.jpg,glioma,glioma,0.999701
data/val\glioma\Tr-gl_0842.jpg,glioma,meningioma,0.703731
data/val\glioma\Tr-gl_0849.jpg,glioma,glioma,0.997046
data/val\glioma\Tr-gl_0859.jpg,glioma,glioma,0.978292
data/val\glioma\Tr-gl_0865.jpg,glioma,glioma,0.993419
data/val\glioma\Tr-gl_0872.jpg,glioma,glioma,0.998573
data/val\glioma\Tr-gl_0880.jpg,glioma,glioma,0.996700
data/val\glioma\Tr-gl_0887.jpg,glioma,glioma,0.999051
data/val\glioma\Tr-gl_0888.jpg,glioma,glioma,0.999751
data/val\glioma\Tr-gl_0890.jpg,glioma,glioma,0.981795
data/val\glioma\Tr-gl_0896.jpg,glioma,glioma,0.993744
data/val\glioma\Tr-gl_0900.jpg,glioma,meningioma,0.622358
data/val\glioma\Tr-gl_0917.jpg,glioma,glioma,0.906435
data/val\glioma\Tr-gl_0923.jpg,glioma,glioma,0.995471
data/val\glioma\Tr-gl_0927.jpg,glioma,glioma,0.991024
data/val\glioma\Tr-gl_0932.jpg,glioma,glioma,0.999788
data/val\glioma\Tr-gl_0939.jpg,glioma,glioma,0.953977
data/val\glioma\Tr-gl_0941.jpg,glioma,glioma,0.999675
data/val\glioma\Tr-gl_0944.jpg,glioma,glioma,0.994657
data/val\glioma\Tr-gl_0945.jpg,glioma,glioma,0.999325
data/val\glioma\Tr-gl_0953.jpg,glioma,glioma,0.797308
data/val\glioma\Tr-gl_0957.jpg,glioma,glioma,0.999960
data/val\glioma\Tr-gl_0959.jpg,glioma,glioma,0.998802
data/val\glioma\Tr-gl_0962.jpg,glioma,glioma,0.996004
data/val\glioma\Tr-gl_0964.jpg,glioma,glioma,0.998616
data/val\glioma\Tr-gl_0972.jpg,glioma,glioma,0.943154
data/val\glioma\Tr-gl_0978.jpg,glioma,glioma,0.998483
data/val\glioma\Tr-gl_0987.jpg,glioma,glioma,0.998058
data/val\glioma\Tr-gl_0995.jpg,glioma,glioma,0.999702
data/val\glioma\Tr-gl_0997.jpg,glioma,glioma,0.752726
data/val\glioma\Tr-gl_0999.jpg,glioma,glioma,0.999692
data/val\glioma\Tr-gl_1004.jpg,glioma,glioma,0.988407
data/val\glioma\Tr-gl_1012.jpg,glioma,glioma,0.916771
data/val\glioma\Tr-gl_1013.jpg,glioma,glioma,0.924719
data/val\glioma\Tr-gl_1017.jpg,glioma,glioma,0.568971
data/val\glioma\Tr-gl_1021.jpg,glioma,glioma,0.999829
data/val\glioma\Tr-gl_1023.jpg,glioma,glioma,0.998375
data/val\glioma\Tr-gl_1038.jpg,glioma,glioma,0.997884
data/val\glioma\Tr-gl_1049.jpg,glioma,glioma,0.999772
data/val\glioma\Tr-gl_1052.jpg,glioma,glioma,0.999049
data/val\glioma\Tr-gl_1055.jpg,glioma,glioma,0.999786
data/val\glioma\Tr-gl_1061.jpg,glioma,glioma,0.999778
data/val\glioma\Tr-gl_1062.jpg,glioma,glioma,0.955178
data/val\glioma\Tr-gl_1063.jpg,glioma,glioma,0.999679
data/val\glioma\Tr-gl_1068.jpg,glioma,glioma,0.997115
data/val\glioma\Tr-gl_1073.jpg,glioma,glioma,0.745735
data/val\glioma\Tr-gl_1076.jpg,glioma,glioma,0.999983
data/val\glioma\Tr-gl_1080.jpg,glioma,glioma,0.891334
data/val\glioma\Tr-gl_1082.jpg,glioma,glioma,0.999668
data/val\glioma\Tr-gl_1085.jpg,glioma,glioma,0.999249
data/val\glioma\Tr-gl_1093.jpg,glioma,glioma,0.988115
data/val\glioma\Tr-gl_1095.jpg,glioma,glioma,0.999362
data/val\glioma\Tr-gl_1097.jpg,glioma,glioma,0.997208
data/val\glioma\Tr-gl_1102.jpg,glioma,glioma,0.999744
data/val\glioma\Tr-gl_1106.jpg,glioma,glioma,0.998179
data/val\glioma\Tr-gl_1108.jpg,glioma,glioma,0.992122
data/val\glioma\Tr-gl_1117.jpg,glioma,glioma,0.987152
data/val\glioma\Tr-gl_1124.jpg,glioma,glioma,0.999364
data/val\glioma\Tr-gl_1127.jpg,glioma,glioma,0.999035
data/val\glioma\Tr-gl_1130.jpg,glioma,glioma,0.474739
data/val\glioma\Tr-gl_1143.jpg,glioma,glioma,0.796337
data/val\glioma\Tr-gl_1146.jpg,glioma,glioma,0.627062
data/val\glioma\Tr-gl_1156.jpg,glioma,glioma,0.661655
data/val\glioma\Tr-gl_1160.jpg,glioma,meningioma,0.648837
data/val\glioma\Tr-gl_1164.jpg,glioma,glioma,0.710213
data/val\glioma\Tr-gl_1171.jpg,glioma,meningioma,0.718926
data/val\glioma\Tr-gl_1172.jpg,glioma,meningioma,0.752922
data/val\glioma\Tr-gl_1173.jpg,glioma,meningioma,0.728126
data/val\glioma\Tr-gl_1175.jpg,glioma,meningioma,0.525496
data/val\glioma\Tr-gl_1176.jpg,glioma,meningioma,0.408268
data/val\glioma\Tr-gl_1189.jpg,glioma,meningioma,0.588603
data/val\glioma\Tr-gl_1195.jpg,glioma,meningioma,0.436420
data/val\glioma\Tr-gl_1201.jpg,glioma,meningioma,0.627159
data/val\glioma\Tr-gl_1207.jpg,glioma,meningioma,0.568195
data/val\glioma\Tr-gl_1209.jpg,glioma,glioma,0.952414
data/val\glioma\Tr-gl_1213.jpg,glioma,glioma,0.885031
data/val\glioma\Tr-gl_1214.jpg,glioma,meningioma,0.734568
data/val\glioma\Tr-gl_1216.jpg,glioma,glioma,0.990182
data/val\glioma\Tr-gl_1225.jpg,glioma,meningioma,0.482540
data/val\glioma\Tr-gl_1227.jpg,glioma,glioma,0.863933
data/val\glioma\Tr-gl_1235.jpg,glioma,glioma,0.751913
data/val\glioma\Tr-gl_1240.jpg,glioma,glioma,0.733706
data/val\glioma\Tr-gl_1244.jpg,glioma,glioma,0.868516
data/val\glioma\Tr-gl_1248.jpg,glioma,glioma,0.967917
data/val\glioma\Tr-gl_1256.jpg,glioma,glioma,0.871964
data/val\glioma\Tr-gl_1259.jpg,glioma,pituitary,0.445562
data/val\glioma\Tr-gl_1260.jpg,glioma,pituitary,0.767633
data/val\glioma\Tr-gl_1261.jpg,glioma,glioma,0.954824
data/val\glioma\Tr-gl_1264.jpg,glioma,glioma,0.607574
data/val\glioma\Tr-gl_1265.jpg,glioma,meningioma,0.765485
data/val\glioma\Tr-gl_1266.jpg,glioma,glioma,0.714868
data/val\glioma\Tr-gl_1271.jpg,glioma,glioma,0.795503
data/val\glioma\Tr-gl_1272.jpg,glioma,glioma,0.939860
data/val\glioma\Tr-gl_1284.jpg,glioma,glioma,0.999852
data/val\glioma\Tr-gl_1285.jpg,glioma,glioma,0.999884
data/val\glioma\Tr-gl_1290.jpg,glioma,glioma,0.649216
data/val\glioma\Tr-gl_1297.jpg,glioma,glioma,0.891078
data/val\glioma\Tr-gl_1299.jpg,glioma,glioma,0.985380
data/val\glioma\Tr-gl_1303.jpg,glioma,glioma,0.977900
data/val\glioma\Tr-gl_1305.jpg,glioma,glioma,0.983419
data/val\glioma\Tr-gl_1313.jpg,glioma,glioma,0.999894
data/val\glioma\Tr-gl_1317.jpg,glioma,glioma,0.995588
data/val\glioma\Tr-gl_1320.jpg,glioma,glioma,0.999690
data/val\meningioma\Tr-meTr_0002.jpg,meningioma,pituitary,0.737181
data/val\meningioma\Tr-meTr_0004.jpg,meningioma,meningioma,0.727421
data/val\meningioma\Tr-meTr_0007.jpg,meningioma,meningioma,0.989163
data/val\meningioma\Tr-me_0010.jpg,meningioma,meningioma,0.997076
data/val\meningioma\Tr-me_0012.jpg,meningioma,meningioma,0.994962
data/val\meningioma\Tr-me_0013.jpg,meningioma,meningioma,0.928119
data/val\meningioma\Tr-me_0021.jpg,meningioma,meningioma,0.959925
data/val\meningioma\Tr-me_0024.jpg,meningioma,pituitary,0.773716
data/val\meningioma\Tr-me_0027.jpg,meningioma,meningioma,0.612980
data/val\meningioma\Tr-me_0028.jpg,meningioma,meningioma,0.978203
data/val\meningioma\Tr-me_0029.jpg,meningioma,meningioma,0.977552
data/val\meningioma\Tr-me_0051.jpg,meningioma,meningioma,0.863848
data/val\meningioma\Tr-me_0052.jpg,meningioma,meningioma,0.988308
data/val\meningioma\Tr-me_0053.jpg,meningioma,meningioma,0.947398
data/val\meningioma\Tr-me_0060.jpg,meningioma,pituitary,0.706159
data/val\meningioma\Tr-me_0071.jpg,meningioma,meningioma,0.947471
data/val\meningioma\Tr-me_0084.jpg,meningioma,meningioma,0.724686
data/val\meningioma\Tr-me_0099.jpg,meningioma,meningioma,0.999954
data/val\meningioma\Tr-me_0100.jpg,meningioma,meningioma,0.998596
data/val\meningioma\Tr-me_0102.jpg,meningioma,meningioma,0.946672
data/val\meningioma\Tr-me_0107.jpg,meningioma,meningioma,0.999907
data/val\meningioma\Tr-me_0108.jpg,meningioma,meningioma,0.999801
data/val\meningioma\Tr-me_0110.jpg,meningioma,meningioma,0.918292
data/val\meningioma\Tr-me_0113.jpg,meningioma,meningioma,0.757080
data/val\meningioma\Tr-me_0127.jpg,meningioma,meningioma,0.891659
data/val\meningioma\Tr-me_0133.jpg,meningioma,meningioma,0.745815
data/val\meningioma\Tr-me_0136.jpg,meningioma,meningioma,0.998143
data/val\meningioma\Tr-me_0143.jpg,meningioma,meningioma,0.999690
data/val\meningioma\Tr-me_0155.jpg,meningioma,meningioma,0.972004
data/val\meningioma\Tr-me_0166.jpg,meningioma,meningioma,0.942370
data/val\meningioma\Tr-me_0174.jpg,meningioma,meningioma,0.549952
data/val\meningioma\Tr-me_0179.jpg,meningioma,meningioma,0.993727
data/val\meningioma\Tr-me_0181.jpg,meningioma,meningioma,0.999850
data/val\meningioma\Tr-me_0184.jpg,meningioma,meningioma,0.999934
data/val\meningioma\Tr-me_0187.jpg,meningioma,meningioma,0.999992
data/val\meningioma\Tr-me_0205.jpg,meningioma,meningioma,0.999987
data/val\meningioma\Tr-me_0208.jpg,meningioma,meningioma,0.999999
data/val\meningioma\Tr-me_0211.jpg,meningioma,meningioma,0.982973
data/val\meningioma\Tr-me_0216.jpg,meningioma,meningioma,0.911532
data/val\meningioma\Tr-me_0218.jpg,meningioma,meningioma,0.999611
data/val\meningioma\Tr-me_0224.jpg,meningioma,meningioma,0.728038
data/val\meningioma\Tr-me_0232.jpg,meningioma,meningioma,0.997898
data/val\meningioma\Tr-me_0233.jpg,meningioma,meningioma,0.999740
data/val\meningioma\Tr-me_0244.jpg,meningioma,meningioma,0.782064
data/val\meningioma\Tr-me_0256.jpg,meningioma,meningioma,0.999167
data/val\meningioma\Tr-me_0261.jpg,meningioma,meningioma,0.978340
data/val\meningioma\Tr-me_0264.jpg,meningioma,meningioma,0.998449
data/val\meningioma\Tr-me_0268.jpg,meningioma,meningioma,0.978789
data/val\meningioma\Tr-me_0282.jpg,meningioma,meningioma,0.998883
data/val\meningioma\Tr-me_0284.jpg,meningioma,pituitary,0.765345
data/val\meningioma\Tr-me_0285.jpg,meningioma,meningioma,0.999979
data/val\meningioma\Tr-me_0286.jpg,meningioma,meningioma,0.999997
data/val\meningioma\Tr-me_0291.jpg,meningioma,meningioma,0.995299
data/val\meningioma\Tr-me_0307.jpg,meningioma,meningioma,0.837114
data/val\meningioma\Tr-me_0310.jpg,meningioma,meningioma,0.988228
data/val\meningioma\Tr-me_0313.jpg,meningioma,meningioma,0.911311
data/val\meningioma\Tr-me_0314.jpg,meningioma,meningioma,1.000000
data/val\meningioma\Tr-me_0325.jpg,meningioma,meningioma,0.958459
data/val\meningioma\Tr-me_0329.jpg,meningioma,meningioma,0.828340
data/val\meningioma\Tr-me_0330.jpg,meningioma,meningioma,0.649566
data/val\meningioma\Tr-me_0337.jpg,meningioma,meningioma,0.999060
data/val\meningioma\Tr-me_0338.jpg,meningioma,meningioma,0.999297
data/val\meningioma\Tr-me_0340.jpg,meningioma,meningioma,0.946906
data/val\meningioma\Tr-me_0343.jpg,meningioma,glioma,0.671385
data/val\meningioma\Tr-me_0349.jpg,meningioma,meningioma,0.999135
data/val\meningioma\Tr-me_0350.jpg,meningioma,meningioma,0.974685
data/val\meningioma\Tr-me_0360.jpg,meningioma,notumor,0.612128
data/val\meningioma\Tr-me_0361.jpg,meningioma,meningioma,0.957211
data/val\meningioma\Tr-me_0362.jpg,meningioma,meningioma,0.999638
data/val\meningioma\Tr-me_0363.jpg,meningioma,meningioma,0.999815
data/val\meningioma\Tr-me_0369.jpg,meningioma,meningioma,0.999980
data/val\meningioma\Tr-me_0372.jpg,meningioma,meningioma,0.870052
data/val\meningioma\Tr-me_0381.jpg,meningioma,meningioma,0.989567
data/val\meningioma\Tr-me_0400.jpg,meningioma,meningioma,0.998322
data/val\meningioma\Tr-me_0403.jpg,meningioma,pituitary,0.941046
data/val\meningioma\Tr-me_0409.jpg,meningioma,meningioma,0.989404
data/val\meningioma\Tr-me_0416.jpg,meningioma,meningioma,0.697411
data/val\meningioma\Tr-me_0420.jpg,meningioma,meningioma,0.998973
data/val\meningioma\Tr-me_0434.jpg,meningioma,meningioma,0.999980
data/val\meningioma\Tr-me_0437.jpg,meningioma,meningioma,0.999944
data/val\meningioma\Tr-me_0440.jpg,meningioma,meningioma,0.997985
data/val\meningioma\Tr-me_0450.jpg,meningioma,meningioma,0.999741
data/val\meningioma\Tr-me_0477.jpg,meningioma,meningioma,0.813816
data/val\meningioma\Tr-me_0480.jpg,meningioma,meningioma,0.972714
data/val\meningioma\Tr-me_0482.jpg,meningioma,meningioma,0.948417
data/val\meningioma\Tr-me_0485.jpg,meningioma,meningioma,0.996769
data/val\meningioma\Tr-me_0489.jpg,meningioma,meningioma,0.999594
data/val\meningioma\Tr-me_0492.jpg,meningioma,meningioma,0.964362
data/val\meningioma\Tr-me_0493.jpg,meningioma,meningioma,0.960121
data/val\meningioma\Tr-me_0494.jpg,meningioma,meningioma,0.964090
data/val\meningioma\Tr-me_0503.jpg,meningioma,meningioma,0.999993
data/val\meningioma\Tr-me_0505.jpg,meningioma,meningioma,0.999993
data/val\meningioma\Tr-me_0508.jpg,meningioma,meningioma,0.994126
data/val\meningioma\Tr-me_0511.jpg,meningioma,meningioma,0.794578
data/val\meningioma\Tr-me_0513.jpg,meningioma,meningioma,0.766136
data/val\meningioma\Tr-me_0526.jpg,meningioma,meningioma,0.582018
data/val\meningioma\Tr-me_0527.jpg,meningioma,meningioma,0.616874
data/val\meningioma\Tr-me_0533.jpg,meningioma,meningioma,0.999693
data/val\meningioma\Tr-me_0534.jpg,meningioma,meningioma,0.999979
data/val\meningioma\Tr-me_0535.jpg,meningioma,meningioma,0.999398
data/val\meningioma\Tr-me_0536.jpg,meningioma,meningioma,0.998712
data/val\meningioma\Tr-me_0541.jpg,meningioma,meningioma,0.999936
data/val\meningioma\Tr-me_0543.jpg,meningioma,meningioma,0.996894
data/val\meningioma\Tr-me_0548.jpg,meningioma,meningioma,0.999995
data/val\meningioma\Tr-me_0550.jpg,meningioma,meningioma,0.999969
data/val\meningioma\Tr-me_0560.jpg,meningioma,meningioma,0.990451
data/val\meningioma\Tr-me_0562.jpg,meningioma,meningioma,0.987275
data/val\meningioma\Tr-me_0568.jpg,meningioma,meningioma,0.979627
data/val\meningioma\Tr-me_0574.jpg,meningioma,meningioma,0.999998
data/val\meningioma\Tr-me_0575.jpg,meningioma,meningioma,0.999991
data/val\meningioma\Tr-me_0589.jpg,meningioma,meningioma,0.995743
data/val\meningioma\Tr-me_0591.jpg,meningioma,meningioma,0.999980
data/val\meningioma\Tr-me_0602.jpg,meningioma,meningioma,0.880315
data/val\meningioma\Tr-me_0605.jpg,meningioma,meningioma,0.753293
data/val\meningioma\Tr-me_0610.jpg,meningioma,meningioma,0.995937
data/val\meningioma\Tr-me_0611.jpg,meningioma,meningioma,0.999903
data/val\meningioma\Tr-me_0612.jpg,meningioma,meningioma,0.981414
data/val\meningioma\Tr-me_0615.jpg,meningioma,meningioma,0.660680
data/val\meningioma\Tr-me_0616.jpg,meningioma,meningioma,0.768778
data/val\meningioma\Tr-me_0618.jpg,meningioma,meningioma,0.641277
data/val\meningioma\Tr-me_0622.jpg,meningioma,meningioma,0.999861
data/val\meningioma\Tr-me_0630.jpg,meningioma,meningioma,0.781799
data/val\meningioma\Tr-me_0632.jpg,meningioma,meningioma,0.999965
data/val\meningioma\Tr-me_0636.jpg,meningioma,meningioma,0.994736
data/val\meningioma\Tr-me_0645.jpg,meningioma,meningioma,0.944804
data/val\meningioma\Tr-me_0651.jpg,meningioma,meningioma,0.999661
data/val\meningioma\Tr-me_0660.jpg,meningioma,pituitary,0.625004
data/val\meningioma\Tr-me_0662.jpg,meningioma,meningioma,0.998928
data/val\meningioma\Tr-me_0671.jpg,meningioma,meningioma,0.999918
data/val\meningioma\Tr-me_0680.jpg,meningioma,meningioma,0.761516
data/val\meningioma\Tr-me_0688.jpg,meningioma,meningioma,0.917955
data/val\meningioma\Tr-me_0689.jpg,meningioma,meningioma,0.995246
data/val\meningioma\Tr-me_0692.jpg,meningioma,meningioma,0.997299
data/val\meningioma\Tr-me_0700.jpg,meningioma,meningioma,0.999486
data/val\meningioma\Tr-me_0704.jpg,meningioma,meningioma,0.998549
data/val\meningioma\Tr-me_0708.jpg,meningioma,pituitary,0.685056
data/val\meningioma\Tr-me_0712.jpg,meningioma,meningioma,0.815865
data/val\meningioma\Tr-me_0713.jpg,meningioma,meningioma,0.801636
data/val\meningioma\Tr-me_0715.jpg,meningioma,meningioma,0.996790
data/val\meningioma\Tr-me_0720.jpg,meningioma,meningioma,0.999968
data/val\meningioma\Tr-me_0721.jpg,meningioma,meningioma,0.998714
data/val\meningioma\Tr-me_0726.jpg,meningioma,meningioma,0.988142
data/val\meningioma\Tr-me_0729.jpg,meningioma,meningioma,0.907605
data/val\meningioma\Tr-me_0733.jpg,meningioma,meningioma,0.999869
data/val\meningioma\Tr-me_0751.jpg,meningioma,meningioma,0.998567
data/val\meningioma\Tr-me_0753.jpg,meningioma,meningioma,0.997591
data/val\meningioma\Tr-me_0759.jpg,meningioma,meningioma,0.999989
data/val\meningioma\Tr-me_0760.jpg,meningioma,meningioma,0.999998
data/val\meningioma\Tr-me_0762.jpg,meningioma,meningioma,0.999944
data/val\meningioma\Tr-me_0763.jpg,meningioma,meningioma,0.998370
data/val\meningioma\Tr-me_0764.jpg,meningioma,meningioma,0.998716
data/val\meningioma\Tr-me_0767.jpg,meningioma,meningioma,0.999398
data/val\meningioma\Tr-me_0768.jpg,meningioma,meningioma,0.993645
data/val\meningioma\Tr-me_0783.jpg,meningioma,meningioma,0.999884
data/val\meningioma\Tr-me_0791.jpg,meningioma,meningioma,0.990540
data/val\meningioma\Tr-me_0799.jpg,meningioma,meningioma,0.998119
data/val\meningioma\Tr-me_0803.jpg,meningioma,meningioma,0.820503
data/val\meningioma\Tr-me_0813.jpg,meningioma,meningioma,0.998277
data/val\meningioma\Tr-me_0814.jpg,meningioma,meningioma,0.520639
data/val\meningioma\Tr-me_0817.jpg,meningioma,meningioma,0.980777
data/val\meningioma\Tr-me_0818.jpg,meningioma,meningioma,0.982350
data/val\meningioma\Tr-me_0822.jpg,meningioma,meningioma,0.999998
data/val\meningioma\Tr-me_0825.jpg,meningioma,meningioma,0.999999
data/val\meningioma\Tr-me_0827.jpg,meningioma,meningioma,0.999360
data/val\meningioma\Tr-me_0830.jpg,meningioma,meningioma,0.996196
data/val\meningioma\Tr-me_0837.jpg,meningioma,meningioma,0.997502
data/val\meningioma\Tr-me_0838.jpg,meningioma,meningioma,0.974612
data/val\meningioma\Tr-me_0840.jpg,meningioma,meningioma,0.874138
data/val\meningioma\Tr-me_0842.jpg,meningioma,meningioma,0.993903
data/val\meningioma\Tr-me_0844.jpg,meningioma,meningioma,0.997364
data/val\meningioma\Tr-me_0850.jpg,meningioma,pituitary,0.499987
data/val\meningioma\Tr-me_0855.jpg,meningioma,meningioma,0.939004
data/val\meningioma\Tr-me_0858.jpg,meningioma,glioma,0.491939
data/val\meningioma\Tr-me_0862.jpg,meningioma,meningioma,0.889177
data/val\meningioma\Tr-me_0863.jpg,meningioma,meningioma,0.988019
data/val\meningioma\Tr-me_0872.jpg,meningioma,meningioma,0.998694
data/val\meningioma\Tr-me_0889.jpg,meningioma,glioma,0.492321
data/val\meningioma\Tr-me_0892.jpg,meningioma,meningioma,0.999986
data/val\meningioma\Tr-me_0895.jpg,meningioma,meningioma,0.999860
data/val\meningioma\Tr-me_0896.jpg,meningioma,meningioma,0.999757
data/val\meningioma\Tr-me_0902.jpg,meningioma,meningioma,0.999806
data/val\meningioma\Tr-me_0909.jpg,meningioma,meningioma,0.999499
data/val\meningioma\Tr-me_0919.jpg,meningioma,meningioma,0.931328
data/val\meningioma\Tr-me_0926.jpg,meningioma,pituitary,0.435031
data/val\meningioma\Tr-me_0929.jpg,meningioma,meningioma,0.970742
data/val\meningioma\Tr-me_0931.jpg,meningioma,meningioma,0.995280
data/val\meningioma\Tr-me_0932.jpg,meningioma,meningioma,0.999842
data/val\meningioma\Tr-me_0937.jpg,meningioma,meningioma,0.998060
data/val\meningioma\Tr-me_0946.jpg,meningioma,meningioma,0.999282
data/val\meningioma\Tr-me_0951.jpg,meningioma,meningioma,0.999957
data/val\meningioma\Tr-me_0958.jpg,meningioma,meningioma,0.999272
data/val\meningioma\Tr-me_0965.jpg,meningioma,meningioma,0.999896
data/val\meningioma\Tr-me_0966.jpg,meningioma,meningioma,0.999938
data/val\meningioma\Tr-me_0969.jpg,meningioma,meningioma,0.999831
data/val\meningioma\Tr-me_0970.jpg,meningioma,meningioma,0.999491
data/val\meningioma\Tr-me_0973.jpg,meningioma,meningioma,0.999948
data/val\meningioma\Tr-me_0979.jpg,meningioma,meningioma,0.608751
data/val\meningioma\Tr-me_0992.jpg,meningioma,meningioma,0.999848
data/val\meningioma\Tr-me_1004.jpg,meningioma,glioma,0.699944
data/val\meningioma\Tr-me_1008.jpg,meningioma,meningioma,0.999997
data/val\meningioma\Tr-me_1011.jpg,meningioma,meningioma,0.985778
data/val\meningioma\Tr-me_1019.jpg,meningioma,meningioma,0.998873
data/val\meningioma\Tr-me_1020.jpg,meningioma,meningioma,0.995652
data/val\meningioma\Tr-me_1023.jpg,meningioma,meningioma,0.964753
data/val\meningioma\Tr-me_1024.jpg,meningioma,meningioma,0.877179
data/val\meningioma\Tr-me_1027.jpg,meningioma,meningioma,0.980421
data/val\meningioma\Tr-me_1030.jpg,meningioma,meningioma,0.941800
data/val\meningioma\Tr-me_1044.jpg,meningioma,meningioma,0.999985
data/val\meningioma\Tr-me_1046.jpg,meningioma,meningioma,0.991342
data/val\meningioma\Tr-me_1049.jpg,meningioma,meningioma,0.979768
data/val\meningioma\Tr-me_1055.jpg,meningioma,meningioma,0.996173
data/val\meningioma\Tr-me_1059.jpg,meningioma,meningioma,0.481549
data/val\meningioma\Tr-me_1064.jpg,meningioma,meningioma,0.588827
data/val\meningioma\Tr-me_1065.jpg,meningioma,pituitary,0.798566
data/val\meningioma\Tr-me_1071.jpg,meningioma,meningioma,0.857207
data/val\meningioma\Tr-me_1072.jpg,meningioma,meningioma,0.891628
data/val\meningioma\Tr-me_1076.jpg,meningioma,meningioma,0.999996
data/val\meningioma\Tr-me_1079.jpg,meningioma,meningioma,0.999680
data/val\meningioma\Tr-me_1084.jpg,meningioma,meningioma,0.999902
data/val\meningioma\Tr-me_1098.jpg,meningioma,meningioma,0.989397
data/val\meningioma\Tr-me_1101.jpg,meningioma,meningioma,0.999922
data/val\meningioma\Tr-me_1102.jpg,meningioma,meningioma,0.999989
data/val\meningioma\Tr-me_1105.jpg,meningioma,meningioma,0.987202
data/val\meningioma\Tr-me_1107.jpg,meningioma,meningioma,0.999752
data/val\meningioma\Tr-me_1116.jpg,meningioma,meningioma,0.992411
data/val\meningioma\Tr-me_1118.jpg,meningioma,meningioma,0.836280
data/val\meningioma\Tr-me_1120.jpg,meningioma,meningioma,0.860284
data/val\meningioma\Tr-me_1122.jpg,meningioma,meningioma,0.998613
data/val\meningioma\Tr-me_1124.jpg,meningioma,meningioma,0.995294
data/val\meningioma\Tr-me_1128.jpg,meningioma,meningioma,0.698249
data/val\meningioma\Tr-me_1131.jpg,meningioma,meningioma,0.993383
data/val\meningioma\Tr-me_1134.jpg,meningioma,meningioma,0.999751
data/val\meningioma\Tr-me_1142.jpg,meningioma,meningioma,0.819638
data/val\meningioma\Tr-me_1148.jpg,meningioma,meningioma,0.999781
data/val\meningioma\Tr-me_1151.jpg,meningioma,meningioma,0.777161
data/val\meningioma\Tr-me_1153.jpg,meningioma,pituitary,0.900267
data/val\meningioma\Tr-me_1162.jpg,meningioma,meningioma,0.999760
data/val\meningioma\Tr-me_1163.jpg,meningioma,meningioma,0.999936
data/val\meningioma\Tr-me_1183.jpg,meningioma,meningioma,0.879905
data/val\meningioma\Tr-me_1185.jpg,meningioma,meningioma,0.999976
data/val\meningioma\Tr-me_1188.jpg,meningioma,meningioma,0.514307
data/val\meningioma\Tr-me_1194.jpg,meningioma,meningioma,0.999907
data/val\meningioma\Tr-me_1211.jpg,meningioma,meningioma,0.999737
data/val\meningioma\Tr-me_1218.jpg,meningioma,meningioma,0.999724
data/val\meningioma\Tr-me_1224.jpg,meningioma,meningioma,0.999974
data/val\meningioma\Tr-me_1228.jpg,meningioma,meningioma,0.949064
data/val\meningioma\Tr-me_1229.jpg,meningioma,glioma,0.612307
data/val\meningioma\Tr-me_1244.jpg,meningioma,meningioma,0.999997
data/val\meningioma\Tr-me_1249.jpg,meningioma,meningioma,0.999572
data/val\meningioma\Tr-me_1255.jpg,meningioma,meningioma,0.989960
data/val\meningioma\Tr-me_1258.jpg,meningioma,meningioma,0.999682
data/val\meningioma\Tr-me_1262.jpg,meningioma,meningioma,0.995783
data/val\meningioma\Tr-me_1263.jpg,meningioma,glioma,0.777742
data/val\meningioma\Tr-me_1267.jpg,meningioma,pituitary,0.868492
data/val\meningioma\Tr-me_1272.jpg,meningioma,pituitary,0.880973
data/val\meningioma\Tr-me_1273.jpg,meningioma,meningioma,0.598302
data/val\meningioma\Tr-me_1274.jpg,meningioma,meningioma,0.886242
data/val\meningioma\Tr-me_1280.jpg,meningioma,meningioma,0.999994
data/val\meningioma\Tr-me_1283.jpg,meningioma,meningioma,0.962834
data/val\meningioma\Tr-me_1284.jpg,meningioma,glioma,0.525734
data/val\meningioma\Tr-me_1293.jpg,meningioma,meningioma,0.900391
data/val\meningioma\Tr-me_1297.jpg,meningioma,meningioma,0.998783
data/val\meningioma\Tr-me_1299.jpg,meningioma,meningioma,0.998960
data/val\meningioma\Tr-me_1305.jpg,meningioma,meningioma,0.933779
data/val\meningioma\Tr-me_1322.jpg,meningioma,meningioma,0.990350
data/val\meningioma\Tr-me_1330.jpg,meningioma,meningioma,0.992278
data/val\meningioma\Tr-me_1337.jpg,meningioma,meningioma,0.905494
data/val\notumor\Tr-noTr_0004.jpg,notumor,notumor,0.992297
data/val\notumor\Tr-noTr_0008.jpg,notumor,notumor,0.992788
data/val\notumor\Tr-no_0013.jpg,notumor,notumor,0.993758
data/val\notumor\Tr-no_0015.jpg,notumor,notumor,0.998464
data/val\notumor\Tr-no_0035.jpg,notumor,notumor,0.989633
data/val\notumor\Tr-no_0037.jpg,notumor,notumor,0.998815
data/val\notumor\Tr-no_0038.jpg,notumor,notumor,0.996498
data/val\notumor\Tr-no_0042.jpg,notumor,notumor,0.998699
data/val\notumor\Tr-no_0045.jpg,notumor,notumor,0.991400
data/val\notumor\Tr-no_0053.jpg,notumor,notumor,0.991511
data/val\notumor\Tr-no_0060.jpg,notumor,notumor,0.971296
data/val\notumor\Tr-no_0061.jpg,notumor,notumor,0.959841
data/val\notumor\Tr-no_0064.jpg,notumor,notumor,0.996366
data/val\notumor\Tr-no_0065.jpg,notumor,notumor,0.764800
data/val\notumor\Tr-no_0069.jpg,notumor,notumor,0.783445
data/val\notumor\Tr-no_0075.jpg,notumor,notumor,0.908623
data/val\notumor\Tr-no_0076.jpg,notumor,notumor,0.425932
data/val\notumor\Tr-no_0077.jpg,notumor,notumor,0.881137
data/val\notumor\Tr-no_0079.jpg,notumor,notumor,0.921355
data/val\notumor\Tr-no_0086.jpg,notumor,pituitary,0.415421
data/val\notumor\Tr-no_0090.jpg,notumor,notumor,0.990752
data/val\notumor\Tr-no_0094.jpg,notumor,notumor,0.987445
data/val\notumor\Tr-no_0096.jpg,notumor,notumor,0.946884
data/val\notumor\Tr-no_0098.jpg,notumor,notumor,0.987615
data/val\notumor\Tr-no_0099.jpg,notumor,notumor,0.997512
data/val\notumor\Tr-no_0100.jpg,notumor,notumor,0.995072
data/val\notumor\Tr-no_0103.jpg,notumor,notumor,0.841579
data/val\notumor\Tr-no_0108.jpg,notumor,notumor,0.764777
data/val\notumor\Tr-no_0109.jpg,notumor,notumor,0.979297
data/val\notumor\Tr-no_0114.jpg,notumor,notumor,0.998030
data/val\notumor\Tr-no_0126.jpg,notumor,notumor,0.990457
data/val\notumor\Tr-no_0133.jpg,notumor,notumor,0.979185
data/val\notumor\Tr-no_0134.jpg,notumor,notumor,0.990139
data/val\notumor\Tr-no_0144.jpg,notumor,notumor,0.997583
data/val\notumor\Tr-no_0147.jpg,notumor,notumor,0.990396
data/val\notumor\Tr-no_0150.jpg,notumor,notumor,0.994854
data/val\notumor\Tr-no_0151.jpg,notumor,notumor,0.984784
data/val\notumor\Tr-no_0153.jpg,notumor,notumor,0.999015
data/val\notumor\Tr-no_0160.jpg,notumor,notumor,0.976873
data/val\notumor\Tr-no_0164.jpg,notumor,notumor,0.994854
data/val\notumor\Tr-no_0167.jpg,notumor,notumor,0.998630
data/val\notumor\Tr-no_0170.jpg,notumor,notumor,0.999654
data/val\notumor\Tr-no_0179.jpg,notumor,notumor,0.978662
data/val\notumor\Tr-no_0184.jpg,notumor,notumor,0.958870
data/val\notumor\Tr-no_0186.jpg,notumor,notumor,0.998703
data/val\notumor\Tr-no_0190.jpg,notumor,notumor,0.986828
data/val\notumor\Tr-no_0193.jpg,notumor,notumor,0.999231
data/val\notumor\Tr-no_0206.jpg,notumor,notumor,0.974590
data/val\notumor\Tr-no_0209.jpg,notumor,notumor,0.937679
data/val\notumor\Tr-no_0213.jpg,notumor,notumor,0.999587
data/val\notumor\Tr-no_0220.jpg,notumor,notumor,0.999615
data/val\notumor\Tr-no_0235.jpg,notumor,notumor,0.612805
data/val\notumor\Tr-no_0240.jpg,notumor,notumor,0.962107
data/val\notumor\Tr-no_0241.jpg,notumor,notumor,0.923730
data/val\notumor\Tr-no_0255.jpg,notumor,notumor,0.978395
data/val\notumor\Tr-no_0261.jpg,notumor,notumor,0.927026
data/val\notumor\Tr-no_0270.jpg,notumor,notumor,0.998758
data/val\notumor\Tr-no_0282.jpg,notumor,notumor,0.999295
data/val\notumor\Tr-no_0284.jpg,notumor,notumor,0.998964
data/val\notumor\Tr-no_0288.jpg,notumor,notumor,0.999647
data/val\notumor\Tr-no_0297.jpg,notumor,notumor,0.972689
data/val\notumor\Tr-no_0298.jpg,notumor,notumor,0.986204
data/val\notumor\Tr-no_0302.jpg,notumor,notumor,0.988768
data/val\notumor\Tr-no_0304.jpg,notumor,notumor,0.987507
data/val\notumor\Tr-no_0328.jpg,notumor,notumor,0.946245
data/val\notumor\Tr-no_0330.jpg,notumor,notumor,0.993942
data/val\notumor\Tr-no_0342.jpg,notumor,notumor,0.993624
data/val\notumor\Tr-no_0345.jpg,notumor,notumor,0.892792
data/val\notumor\Tr-no_0347.jpg,notumor,notumor,0.999471
data/val\notumor\Tr-no_0351.jpg,notumor,meningioma,0.913213
data/val\notumor\Tr-no_0365.jpg,notumor,notumor,0.996313
data/val\notumor\Tr-no_0370.jpg,notumor,notumor,0.979185
data/val\notumor\Tr-no_0372.jpg,notumor,notumor,0.639323
data/val\notumor\Tr-no_0376.jpg,notumor,notumor,0.820098
data/val\notumor\Tr-no_0377.jpg,notumor,notumor,0.869283
data/val\notumor\Tr-no_0387.jpg,notumor,notumor,0.958541
data/val\notumor\Tr-no_0390.jpg,notumor,notumor,0.980755
data/val\notumor\Tr-no_0392.jpg,notumor,notumor,0.976032
data/val\notumor\Tr-no_0393.jpg,notumor,notumor,0.986632
data/val\notumor\Tr-no_0397.jpg,notumor,notumor,0.991743
data/val\notumor\Tr-no_0401.jpg,notumor,notumor,0.970921
data/val\notumor\Tr-no_0405.jpg,notumor,notumor,0.999506
data/val\notumor\Tr-no_0411.jpg,notumor,notumor,0.999339
data/val\notumor\Tr-no_0420.jpg,notumor,notumor,0.983984
data/val\notumor\Tr-no_0426.jpg,notumor,notumor,0.999690
data/val\notumor\Tr-no_0428.jpg,notumor,notumor,0.997106
data/val\notumor\Tr-no_0432.jpg,notumor,notumor,0.999125
data/val\notumor\Tr-no_0444.jpg,notumor,notumor,0.995047
data/val\notumor\Tr-no_0448.jpg,notumor,notumor,0.991031
data/val\notumor\Tr-no_0450.jpg,notumor,notumor,0.998650
data/val\notumor\Tr-no_0458.jpg,notumor,notumor,0.999586
data/val\notumor\Tr-no_0460.jpg,notumor,notumor,0.995189
data/val\notumor\Tr-no_0461.jpg,notumor,notumor,0.999158
data/val\notumor\Tr-no_0474.jpg,notumor,notumor,0.998757
data/val\notumor\Tr-no_0477.jpg,notumor,notumor,0.998959
data/val\notumor\Tr-no_0485.jpg,notumor,notumor,0.988779
data/val\notumor\Tr-no_0499.jpg,notumor,notumor,0.996175
data/val\notumor\Tr-no_0500.jpg,notumor,notumor,0.998279
data/val\notumor\Tr-no_0504.jpg,notumor,notumor,0.999396
data/val\notumor\Tr-no_0516.jpg,notumor,notumor,0.999754
data/val\notumor\Tr-no_0520.jpg,notumor,notumor,0.998282
data/val\notumor\Tr-no_0522.jpg,notumor,notumor,0.999763
data/val\notumor\Tr-no_0523.jpg,notumor,notumor,0.999148
data/val\notumor\Tr-no_0533.jpg,notumor,notumor,0.991625
data/val\notumor\Tr-no_0543.jpg,notumor,notumor,0.997822
data/val\notumor\Tr-no_0547.jpg,notumor,notumor,0.994426
data/val\notumor\Tr-no_0549.jpg,notumor,notumor,0.997419
data/val\notumor\Tr-no_0550.jpg,notumor,notumor,0.996955
data/val\notumor\Tr-no_0557.jpg,notumor,notumor,0.998895
data/val\notumor\Tr-no_0558.jpg,notumor,notumor,0.990457
data/val\notumor\Tr-no_0576.jpg,notumor,notumor,0.999178
data/val\notumor\Tr-no_0578.jpg,notumor,notumor,0.999444
data/val\notumor\Tr-no_0579.jpg,notumor,notumor,0.996128
data/val\notumor\Tr-no_0592.jpg,notumor,notumor,0.999318
data/val\notumor\Tr-no_0594.jpg,notumor,notumor,0.947989
data/val\notumor\Tr-no_0595.jpg,notumor,notumor,0.997762
data/val\notumor\Tr-no_0597.jpg,notumor,notumor,0.999154
data/val\notumor\Tr-no_0598.jpg,notumor,notumor,0.999144
data/val\notumor\Tr-no_0603.jpg,notumor,notumor,0.999140
data/val\notumor\Tr-no_0605.jpg,notumor,notumor,0.999467
data/val\notumor\Tr-no_0616.jpg,notumor,notumor,0.995597
data/val\notumor\Tr-no_0618.jpg,notumor,notumor,0.999596
data/val\notumor\Tr-no_0619.jpg,notumor,notumor,0.999746
data/val\notumor\Tr-no_0624.jpg,notumor,notumor,0.999588
data/val\notumor\Tr-no_0628.jpg,notumor,notumor,0.998177
data/val\notumor\Tr-no_0635.jpg,notumor,notumor,0.998086
data/val\notumor\Tr-no_0646.jpg,notumor,notumor,0.995249
data/val\notumor\Tr-no_0653.jpg,notumor,notumor,0.999576
data/val\notumor\Tr-no_0654.jpg,notumor,notumor,0.971090
data/val\notumor\Tr-no_0657.jpg,notumor,notumor,0.999447
data/val\notumor\Tr-no_0659.jpg,notumor,notumor,0.999363
data/val\notumor\Tr-no_0663.jpg,notumor,notumor,0.998578
data/val\notumor\Tr-no_0678.jpg,notumor,notumor,0.999087
data/val\notumor\Tr-no_0684.jpg,notumor,notumor,0.999778
data/val\notumor\Tr-no_0696.jpg,notumor,notumor,0.976715
data/val\notumor\Tr-no_0700.jpg,notumor,notumor,0.999612
data/val\notumor\Tr-no_0709.jpg,notumor,notumor,0.999375
data/val\notumor\Tr-no_0720.jpg,notumor,notumor,0.997080
data/val\notumor\Tr-no_0726.jpg,notumor,notumor,0.989951
data/val\notumor\Tr-no_0734.jpg,notumor,notumor,0.997707
data/val\notumor\Tr-no_0735.jpg,notumor,notumor,0.998704
data/val\notumor\Tr-no_0736.jpg,notumor,notumor,0.997865
data/val\notumor\Tr-no_0743.jpg,notumor,notumor,0.997515
data/val\notumor\Tr-no_0747.jpg,notumor,notumor,0.996933
data/val\notumor\Tr-no_0758.jpg,notumor,notumor,0.999467
data/val\notumor\Tr-no_0759.jpg,notumor,notumor,0.995718
data/val\notumor\Tr-no_0762.jpg,notumor,notumor,0.999524
data/val\notumor\Tr-no_0772.jpg,notumor,notumor,0.999624
data/val\notumor\Tr-no_0776.jpg,notumor,notumor,0.970426
data/val\notumor\Tr-no_0783.jpg,notumor,notumor,0.999811
data/val\notumor\Tr-no_0788.jpg,notumor,notumor,0.997960
data/val\notumor\Tr-no_0789.jpg,notumor,notumor,0.999577
data/val\notumor\Tr-no_0797.jpg,notumor,notumor,0.999818
data/val\notumor\Tr-no_0798.jpg,notumor,notumor,0.998146
data/val\notumor\Tr-no_0799.jpg,notumor,notumor,0.998871
data/val\notumor\Tr-no_0806.jpg,notumor,notumor,0.998124
data/val\notumor\Tr-no_0808.jpg,notumor,notumor,0.999245
data/val\notumor\Tr-no_0819.jpg,notumor,notumor,0.999496
data/val\notumor\Tr-no_0824.jpg,notumor,notumor,0.999500
data/val\notumor\Tr-no_0835.jpg,notumor,notumor,0.999124
data/val\notumor\Tr-no_0839.jpg,notumor,notumor,0.999438
data/val\notumor\Tr-no_0840.jpg,notumor,notumor,0.983783
data/val\notumor\Tr-no_0842.jpg,notumor,notumor,0.999113
data/val\notumor\Tr-no_0850.jpg,notumor,notumor,0.998405
data/val\notumor\Tr-no_0851.jpg,notumor,notumor,0.998635
data/val\notumor\Tr-no_0858.jpg,notumor,notumor,0.999050
data/val\notumor\Tr-no_0862.jpg,notumor,notumor,0.999442
data/val\notumor\Tr-no_0878.jpg,notumor,notumor,0.999678
data/val\notumor\Tr-no_0884.jpg,notumor,notumor,0.999655
data/val\notumor\Tr-no_0889.jpg,notumor,notumor,0.985098
data/val\notumor\Tr-no_0893.jpg,notumor,notumor,0.994350
data/val\notumor\Tr-no_0895.jpg,notumor,notumor,0.999714
data/val\notumor\Tr-no_0897.jpg,notumor,notumor,0.995282
data/val\notumor\Tr-no_0903.jpg,notumor,notumor,0.998092
data/val\notumor\Tr-no_0905.jpg,notumor,notumor,0.999469
data/val\notumor\Tr-no_0906.jpg,notumor,notumor,0.993315
data/val\notumor\Tr-no_0914.jpg,notumor,notumor,0.969832
data/val\notumor\Tr-no_0919.jpg,notumor,notumor,0.998280
data/val\notumor\Tr-no_0924.jpg,notumor,notumor,0.999543
data/val\notumor\Tr-no_0928.jpg,notumor,notumor,0.999831
data/val\notumor\Tr-no_0930.jpg,notumor,notumor,0.998116
data/val\notumor\Tr-no_0932.jpg,notumor,notumor,0.864084
data/val\notumor\Tr-no_0933.jpg,notumor,notumor,0.999872
data/val\notumor\Tr-no_0942.jpg,notumor,notumor,0.998942
data/val\notumor\Tr-no_0943.jpg,notumor,notumor,0.997970
data/val\notumor\Tr-no_0947.jpg,notumor,notumor,0.999653
data/val\notumor\Tr-no_0951.jpg,notumor,notumor,0.970268
data/val\notumor\Tr-no_0952.jpg,notumor,notumor,0.998873
data/val\notumor\Tr-no_0954.jpg,notumor,notumor,0.995292
data/val\notumor\Tr-no_0958.jpg,notumor,notumor,0.997649
data/val\notumor\Tr-no_0963.jpg,notumor,notumor,0.990242
data/val\notumor\Tr-no_0964.jpg,notumor,notumor,0.990819
data/val\notumor\Tr-no_0966.jpg,notumor,notumor,0.990401
data/val\notumor\Tr-no_0977.jpg,notumor,notumor,0.946245
data/val\notumor\Tr-no_0987.jpg,notumor,notumor,0.922587
data/val\notumor\Tr-no_0996.jpg,notumor,notumor,0.999825
data/val\notumor\Tr-no_1000.jpg,notumor,notumor,0.915004
data/val\notumor\Tr-no_1004.jpg,notumor,notumor,0.992494
data/val\notumor\Tr-no_1007.jpg,notumor,notumor,0.996498
data/val\notumor\Tr-no_1022.jpg,notumor,notumor,0.989633
data/val\notumor\Tr-no_1029.jpg,notumor,notumor,0.998437
data/val\notumor\Tr-no_1032.jpg,notumor,notumor,0.988483
data/val\notumor\Tr-no_1047.jpg,notumor,notumor,0.996735
data/val\notumor\Tr-no_1060.jpg,notumor,notumor,0.995916
data/val\notumor\Tr-no_1065.jpg,notumor,notumor,0.996972
data/val\notumor\Tr-no_1067.jpg,notumor,notumor,0.924432
data/val\notumor\Tr-no_1072.jpg,notumor,notumor,0.998361
data/val\notumor\Tr-no_1082.jpg,notumor,notumor,0.999438
data/val\notumor\Tr-no_1094.jpg,notumor,notumor,0.999034
data/val\notumor\Tr-no_1097.jpg,notumor,notumor,0.999147
data/val\notumor\Tr-no_1107.jpg,notumor,notumor,0.999582
data/val\notumor\Tr-no_1109.jpg,notumor,notumor,0.963870
data/val\notumor\Tr-no_1110.jpg,notumor,notumor,0.991800
data/val\notumor\Tr-no_1111.jpg,notumor,notumor,0.995140
data/val\notumor\Tr-no_1117.jpg,notumor,notumor,0.994854
data/val\notumor\Tr-no_1124.jpg,notumor,notumor,0.979059
data/val\notumor\Tr-no_1127.jpg,notumor,notumor,0.999802
data/val\notumor\Tr-no_1129.jpg,notumor,notumor,0.999321
data/val\notumor\Tr-no_1133.jpg,notumor,notumor,0.900384
data/val\notumor\Tr-no_1137.jpg,notumor,notumor,0.923730
data/val\notumor\Tr-no_1140.jpg,notumor,notumor,0.997656
data/val\notumor\Tr-no_1141.jpg,notumor,notumor,0.978662
data/val\notumor\Tr-no_1145.jpg,notumor,notumor,0.983314
data/val\notumor\Tr-no_1147.jpg,notumor,notumor,0.998699
data/val\notumor\Tr-no_1151.jpg,notumor,notumor,0.982338
data/val\notumor\Tr-no_1153.jpg,notumor,notumor,0.985563
data/val\notumor\Tr-no_1154.jpg,notumor,notumor,0.998874
data/val\notumor\Tr-no_1155.jpg,notumor,notumor,0.997788
data/val\notumor\Tr-no_1156.jpg,notumor,notumor,0.989262
data/val\notumor\Tr-no_1157.jpg,notumor,notumor,0.974529
data/val\notumor\Tr-no_1158.jpg,notumor,notumor,0.991003
data/val\notumor\Tr-no_1162.jpg,notumor,notumor,0.927111
data/val\notumor\Tr-no_1166.jpg,notumor,notumor,0.989697
data/val\notumor\Tr-no_1168.jpg,notumor,notumor,0.853623
data/val\notumor\Tr-no_1170.jpg,notumor,notumor,0.994212
data/val\notumor\Tr-no_1188.jpg,notumor,notumor,0.998641
data/val\notumor\Tr-no_1190.jpg,notumor,notumor,0.997765
data/val\notumor\Tr-no_1193.jpg,notumor,notumor,0.992819
data/val\notumor\Tr-no_1194.jpg,notumor,notumor,0.985115
data/val\notumor\Tr-no_1196.jpg,notumor,notumor,0.997687
data/val\notumor\Tr-no_1200.jpg,notumor,notumor,0.996008
data/val\notumor\Tr-no_1201.jpg,notumor,notumor,0.999463
data/val\notumor\Tr-no_1205.jpg,notumor,notumor,0.999346
data/val\notumor\Tr-no_1214.jpg,notumor,notumor,0.991215
data/val\notumor\Tr-no_1215.jpg,notumor,notumor,0.999639
data/val\notumor\Tr-no_1222.jpg,notumor,notumor,0.999174
data/val\notumor\Tr-no_1229.jpg,notumor,notumor,0.998889
data/val\notumor\Tr-no_1230.jpg,notumor,notumor,0.994636
data/val\notumor\Tr-no_1231.jpg,notumor,notumor,0.997121
data/val\notumor\Tr-no_1234.jpg,notumor,notumor,0.999286
data/val\notumor\Tr-no_1238.jpg,notumor,notumor,0.997570
data/val\notumor\Tr-no_1239.jpg,notumor,notumor,0.994532
data/val\notumor\Tr-no_1248.jpg,notumor,notumor,0.999409
data/val\notumor\Tr-no_1254.jpg,notumor,notumor,0.991789
data/val\notumor\Tr-no_1258.jpg,notumor,notumor,0.998347
data/val\notumor\Tr-no_1263.jpg,notumor,notumor,0.999474
data/val\notumor\Tr-no_1268.jpg,notumor,notumor,0.998785
data/val\notumor\Tr-no_1272.jpg,notumor,notumor,0.973779
data/val\notumor\Tr-no_1273.jpg,notumor,notumor,0.999500
data/val\notumor\Tr-no_1287.jpg,notumor,notumor,0.997783
data/val\notumor\Tr-no_1289.jpg,notumor,notumor,0.998816
data/val\notumor\Tr-no_1290.jpg,notumor,notumor,0.997944
data/val\notumor\Tr-no_1291.jpg,notumor,notumor,0.997977
data/val\notumor\Tr-no_1294.jpg,notumor,notumor,0.997759
data/val\notumor\Tr-no_1295.jpg,notumor,notumor,0.999035
data/val\notumor\Tr-no_1296.jpg,notumor,notumor,0.999234
data/val\notumor\Tr-no_1298.jpg,notumor,notumor,0.996562
data/val\notumor\Tr-no_1304.jpg,notumor,notumor,0.998885
data/val\notumor\Tr-no_1307.jpg,notumor,notumor,0.992289
data/val\notumor\Tr-no_1321.jpg,notumor,notumor,0.999306
data/val\notumor\Tr-no_1328.jpg,notumor,notumor,0.998672
data/val\notumor\Tr-no_1337.jpg,notumor,notumor,0.998025
data/val\notumor\Tr-no_1340.jpg,notumor,notumor,0.999246
data/val\notumor\Tr-no_1341.jpg,notumor,notumor,0.998634
data/val\notumor\Tr-no_1357.jpg,notumor,notumor,0.972368
data/val\notumor\Tr-no_1358.jpg,notumor,notumor,0.994465
data/val\notumor\Tr-no_1359.jpg,notumor,notumor,0.994547
data/val\notumor\Tr-no_1364.jpg,notumor,notumor,0.996541
data/val\notumor\Tr-no_1365.jpg,notumor,notumor,0.947017
data/val\notumor\Tr-no_1378.jpg,notumor,notumor,0.999071
data/val\notumor\Tr-no_1379.jpg,notumor,notumor,0.997312
data/val\notumor\Tr-no_1390.jpg,notumor,notumor,0.989173
data/val\notumor\Tr-no_1395.jpg,notumor,notumor,0.956043
data/val\notumor\Tr-no_1398.jpg,notumor,notumor,0.937972
data/val\notumor\Tr-no_1399.jpg,notumor,notumor,0.988003
data/val\notumor\Tr-no_1400.jpg,notumor,notumor,0.990744
data/val\notumor\Tr-no_1403.jpg,notumor,notumor,0.984030
data/val\notumor\Tr-no_1405.jpg,notumor,notumor,0.993556
data/val\notumor\Tr-no_1406.jpg,notumor,notumor,0.997438
data/val\notumor\Tr-no_1408.jpg,notumor,notumor,0.987346
data/val\notumor\Tr-no_1421.jpg,notumor,notumor,0.968232
data/val\notumor\Tr-no_1428.jpg,notumor,notumor,0.999308
data/val\notumor\Tr-no_1437.jpg,notumor,notumor,0.998345
data/val\notumor\Tr-no_1438.jpg,notumor,notumor,0.969339
data/val\notumor\Tr-no_1447.jpg,notumor,notumor,0.999576
data/val\notumor\Tr-no_1456.jpg,notumor,notumor,0.974522
data/val\notumor\Tr-no_1474.jpg,notumor,notumor,0.999464
data/val\notumor\Tr-no_1480.jpg,notumor,notumor,0.999913
data/val\notumor\Tr-no_1485.jpg,notumor,notumor,0.984916
data/val\notumor\Tr-no_1488.jpg,notumor,notumor,0.999525
data/val\notumor\Tr-no_1489.jpg,notumor,notumor,0.996749
data/val\notumor\Tr-no_1491.jpg,notumor,notumor,0.999417
data/val\notumor\Tr-no_1499.jpg,notumor,notumor,0.998088
data/val\notumor\Tr-no_1501.jpg,notumor,notumor,0.978466
data/val\notumor\Tr-no_1502.jpg,notumor,notumor,0.999701
data/val\notumor\Tr-no_1503.jpg,notumor,notumor,0.998430
data/val\notumor\Tr-no_1505.jpg,notumor,notumor,0.991691
data/val\notumor\Tr-no_1507.jpg,notumor,notumor,0.998757
data/val\notumor\Tr-no_1508.jpg,notumor,notumor,0.999478
data/val\notumor\Tr-no_1524.jpg,notumor,notumor,0.998141
data/val\notumor\Tr-no_1533.jpg,notumor,notumor,0.997006
data/val\notumor\Tr-no_1542.jpg,notumor,notumor,0.997258
data/val\notumor\Tr-no_1561.jpg,notumor,notumor,0.991180
data/val\notumor\Tr-no_1568.jpg,notumor,notumor,0.386498
data/val\notumor\Tr-no_1570.jpg,notumor,notumor,0.985069
data/val\notumor\Tr-no_1583.jpg,notumor,notumor,0.951913
data/val\notumor\Tr-no_1586.jpg,notumor,notumor,0.999608
data/val\notumor\Tr-no_1588.jpg,notumor,notumor,0.997042
data/val\notumor\Tr-no_1590.jpg,notumor,notumor,0.994986
data/val\pituitary\Tr-piTr_0000.jpg,pituitary,pituitary,0.991329
data/val\pituitary\Tr-piTr_0003.jpg,pituitary,pituitary,0.975694
data/val\pituitary\Tr-pi_0011.jpg,pituitary,pituitary,0.991980
data/val\pituitary\Tr-pi_0016.jpg,pituitary,pituitary,0.932877
data/val\pituitary\Tr-pi_0017.jpg,pituitary,pituitary,0.996565
data/val\pituitary\Tr-pi_0022.jpg,pituitary,pituitary,0.986220
data/val\pituitary\Tr-pi_0035.jpg,pituitary,pituitary,0.681559
data/val\pituitary\Tr-pi_0037.jpg,pituitary,pituitary,0.892932
data/val\pituitary\Tr-pi_0043.jpg,pituitary,pituitary,0.968080
data/val\pituitary\Tr-pi_0044.jpg,pituitary,pituitary,0.906169
data/val\pituitary\Tr-pi_0046.jpg,pituitary,pituitary,0.957505
data/val\pituitary\Tr-pi_0054.jpg,pituitary,meningioma,0.538026
data/val\pituitary\Tr-pi_0058.jpg,pituitary,pituitary,0.889854
data/val\pituitary\Tr-pi_0060.jpg,pituitary,pituitary,0.997787
data/val\pituitary\Tr-pi_0066.jpg,pituitary,pituitary,0.994933
data/val\pituitary\Tr-pi_0092.jpg,pituitary,pituitary,0.995119
data/val\pituitary\Tr-pi_0094.jpg,pituitary,pituitary,0.999019
data/val\pituitary\Tr-pi_0096.jpg,pituitary,pituitary,0.998234
data/val\pituitary\Tr-pi_0097.jpg,pituitary,pituitary,0.960315
data/val\pituitary\Tr-pi_0101.jpg,pituitary,pituitary,0.968942
data/val\pituitary\Tr-pi_0104.jpg,pituitary,pituitary,0.970365
data/val\pituitary\Tr-pi_0107.jpg,pituitary,pituitary,0.996491
data/val\pituitary\Tr-pi_0110.jpg,pituitary,pituitary,0.992754
data/val\pituitary\Tr-pi_0111.jpg,pituitary,pituitary,0.996820
data/val\pituitary\Tr-pi_0114.jpg,pituitary,pituitary,0.985253
data/val\pituitary\Tr-pi_0118.jpg,pituitary,pituitary,0.985557
data/val\pituitary\Tr-pi_0123.jpg,pituitary,pituitary,0.976385
data/val\pituitary\Tr-pi_0125.jpg,pituitary,pituitary,0.994877
data/val\pituitary\Tr-pi_0127.jpg,pituitary,pituitary,0.998553
data/val\pituitary\Tr-pi_0129.jpg,pituitary,pituitary,0.968987
data/val\pituitary\Tr-pi_0132.jpg,pituitary,pituitary,0.984194
data/val\pituitary\Tr-pi_0139.jpg,pituitary,pituitary,0.946669
data/val\pituitary\Tr-pi_0140.jpg,pituitary,pituitary,0.984461
data/val\pituitary\Tr-pi_0150.jpg,pituitary,pituitary,0.995230
data/val\pituitary\Tr-pi_0151.jpg,pituitary,pituitary,0.998121
data/val\pituitary\Tr-pi_0158.jpg,pituitary,pituitary,0.996433
data/val\pituitary\Tr-pi_0160.jpg,pituitary,pituitary,0.994589
data/val\pituitary\Tr-pi_0166.jpg,pituitary,pituitary,0.991782
data/val\pituitary\Tr-pi_0174.jpg,pituitary,pituitary,0.996031
data/val\pituitary\Tr-pi_0178.jpg,pituitary,pituitary,0.987507
data/val\pituitary\Tr-pi_0182.jpg,pituitary,pituitary,0.942147
data/val\pituitary\Tr-pi_0183.jpg,pituitary,pituitary,0.943236
data/val\pituitary\Tr-pi_0188.jpg,pituitary,pituitary,0.994231
data/val\pituitary\Tr-pi_0191.jpg,pituitary,pituitary,0.994012
data/val\pituitary\Tr-pi_0192.jpg,pituitary,pituitary,0.762322
data/val\pituitary\Tr-pi_0194.jpg,pituitary,pituitary,0.914228
data/val\pituitary\Tr-pi_0204.jpg,pituitary,pituitary,0.917833
data/val\pituitary\Tr-pi_0209.jpg,pituitary,pituitary,0.996832
data/val\pituitary\Tr-pi_0219.jpg,pituitary,pituitary,0.996322
data/val\pituitary\Tr-pi_0236.jpg,pituitary,pituitary,0.995667
data/val\pituitary\Tr-pi_0237.jpg,pituitary,pituitary,0.999247
data/val\pituitary\Tr-pi_0245.jpg,pituitary,pituitary,0.997078
data/val\pituitary\Tr-pi_0248.jpg,pituitary,pituitary,0.994653
data/val\pituitary\Tr-pi_0258.jpg,pituitary,pituitary,0.963719
data/val\pituitary\Tr-pi_0259.jpg,pituitary,pituitary,0.934958
data/val\pituitary\Tr-pi_0263.jpg,pituitary,pituitary,0.976296
data/val\pituitary\Tr-pi_0270.jpg,pituitary,pituitary,0.826281
data/val\pituitary\Tr-pi_0285.jpg,pituitary,pituitary,0.964205
data/val\pituitary\Tr-pi_0287.jpg,pituitary,pituitary,0.997792
data/val\pituitary\Tr-pi_0290.jpg,pituitary,pituitary,0.981540
data/val\pituitary\Tr-pi_0292.jpg,pituitary,pituitary,0.993511
data/val\pituitary\Tr-pi_0294.jpg,pituitary,pituitary,0.986496
data/val\pituitary\Tr-pi_0300.jpg,pituitary,pituitary,0.863885
data/val\pituitary\Tr-pi_0303.jpg,pituitary,pituitary,0.986035
data/val\pituitary\Tr-pi_0310.jpg,pituitary,pituitary,0.987916
data/val\pituitary\Tr-pi_0311.jpg,pituitary,pituitary,0.937649
data/val\pituitary\Tr-pi_0313.jpg,pituitary,pituitary,0.991818
data/val\pituitary\Tr-pi_0318.jpg,pituitary,pituitary,0.983754
data/val\pituitary\Tr-pi_0322.jpg,pituitary,pituitary,0.912495
data/val\pituitary\Tr-pi_0323.jpg,pituitary,pituitary,0.975551
data/val\pituitary\Tr-pi_0324.jpg,pituitary,pituitary,0.992381
data/val\pituitary\Tr-pi_0327.jpg,pituitary,pituitary,0.993039
data/val\pituitary\Tr-pi_0331.jpg,pituitary,pituitary,0.821022
data/val\pituitary\Tr-pi_0335.jpg,pituitary,pituitary,0.989833
data/val\pituitary\Tr-pi_0336.jpg,pituitary,pituitary,0.981018
data/val\pituitary\Tr-pi_0343.jpg,pituitary,pituitary,0.998922
data/val\pituitary\Tr-pi_0344.jpg,pituitary,pituitary,0.956347
data/val\pituitary\Tr-pi_0346.jpg,pituitary,pituitary,0.794200
data/val\pituitary\Tr-pi_0348.jpg,pituitary,pituitary,0.944522
data/val\pituitary\Tr-pi_0360.jpg,pituitary,pituitary,0.963793
data/val\pituitary\Tr-pi_0365.jpg,pituitary,pituitary,0.998869
data/val\pituitary\Tr-pi_0367.jpg,pituitary,pituitary,0.986948
data/val\pituitary\Tr-pi_0371.jpg,pituitary,pituitary,0.998574
data/val\pituitary\Tr-pi_0372.jpg,pituitary,pituitary,0.965560
data/val\pituitary\Tr-pi_0386.jpg,pituitary,pituitary,0.977687
data/val\pituitary\Tr-pi_0396.jpg,pituitary,pituitary,0.994672
data/val\pituitary\Tr-pi_0401.jpg,pituitary,pituitary,0.608958
data/val\pituitary\Tr-pi_0402.jpg,pituitary,pituitary,0.699694
data/val\pituitary\Tr-pi_0403.jpg,pituitary,pituitary,0.802838
data/val\pituitary\Tr-pi_0410.jpg,pituitary,pituitary,0.989213
data/val\pituitary\Tr-pi_0412.jpg,pituitary,pituitary,0.784157
data/val\pituitary\Tr-pi_0423.jpg,pituitary,pituitary,0.994726
data/val\pituitary\Tr-pi_0427.jpg,pituitary,pituitary,0.962624
data/val\pituitary\Tr-pi_0429.jpg,pituitary,pituitary,0.835614
data/val\pituitary\Tr-pi_0430.jpg,pituitary,pituitary,0.931777
data/val\pituitary\Tr-pi_0435.jpg,pituitary,pituitary,0.956090
data/val\pituitary\Tr-pi_0446.jpg,pituitary,pituitary,0.961588
data/val\pituitary\Tr-pi_0450.jpg,pituitary,pituitary,0.993766
data/val\pituitary\Tr-pi_0455.jpg,pituitary,pituitary,0.940145
data/val\pituitary\Tr-pi_0459.jpg,pituitary,pituitary,0.946292
data/val\pituitary\Tr-pi_0460.jpg,pituitary,pituitary,0.927937
data/val\pituitary\Tr-pi_0463.jpg,pituitary,pituitary,0.976941
data/val\pituitary\Tr-pi_0467.jpg,pituitary,pituitary,0.983033
data/val\pituitary\Tr-pi_0470.jpg,pituitary,pituitary,0.914627
data/val\pituitary\Tr-pi_0473.jpg,pituitary,pituitary,0.875453
data/val\pituitary\Tr-pi_0480.jpg,pituitary,pituitary,0.965175
data/val\pituitary\Tr-pi_0499.jpg,pituitary,pituitary,0.992958
data/val\pituitary\Tr-pi_0500.jpg,pituitary,pituitary,0.991141
data/val\pituitary\Tr-pi_0502.jpg,pituitary,pituitary,0.996584
data/val\pituitary\Tr-pi_0512.jpg,pituitary,pituitary,0.995702
data/val\pituitary\Tr-pi_0519.jpg,pituitary,pituitary,0.939644
data/val\pituitary\Tr-pi_0526.jpg,pituitary,pituitary,0.939553
data/val\pituitary\Tr-pi_0527.jpg,pituitary,pituitary,0.939553
data/val\pituitary\Tr-pi_0534.jpg,pituitary,pituitary,0.901769
data/val\pituitary\Tr-pi_0542.jpg,pituitary,pituitary,0.992091
data/val\pituitary\Tr-pi_0548.jpg,pituitary,pituitary,0.991744
data/val\pituitary\Tr-pi_0553.jpg,pituitary,pituitary,0.949707
data/val\pituitary\Tr-pi_0573.jpg,pituitary,pituitary,0.992927
data/val\pituitary\Tr-pi_0581.jpg,pituitary,pituitary,0.983007
data/val\pituitary\Tr-pi_0591.jpg,pituitary,pituitary,0.975301
data/val\pituitary\Tr-pi_0593.jpg,pituitary,pituitary,0.982424
data/val\pituitary\Tr-pi_0595.jpg,pituitary,pituitary,0.998256
data/val\pituitary\Tr-pi_0596.jpg,pituitary,pituitary,0.974888
data/val\pituitary\Tr-pi_0610.jpg,pituitary,pituitary,0.990965
data/val\pituitary\Tr-pi_0611.jpg,pituitary,pituitary,0.984768
data/val\pituitary\Tr-pi_0617.jpg,pituitary,pituitary,0.994295
data/val\pituitary\Tr-pi_0618.jpg,pituitary,pituitary,0.993502
data/val\pituitary\Tr-pi_0629.jpg,pituitary,pituitary,0.967059
data/val\pituitary\Tr-pi_0644.jpg,pituitary,pituitary,0.984056
data/val\pituitary\Tr-pi_0652.jpg,pituitary,pituitary,0.984157
data/val\pituitary\Tr-pi_0657.jpg,pituitary,pituitary,0.990965
data/val\pituitary\Tr-pi_0658.jpg,pituitary,pituitary,0.978823
data/val\pituitary\Tr-pi_0664.jpg,pituitary,pituitary,0.986506
data/val\pituitary\Tr-pi_0672.jpg,pituitary,pituitary,0.984010
data/val\pituitary\Tr-pi_0679.jpg,pituitary,pituitary,0.994375
data/val\pituitary\Tr-pi_0683.jpg,pituitary,pituitary,0.961460
data/val\pituitary\Tr-pi_0685.jpg,pituitary,pituitary,0.892013
data/val\pituitary\Tr-pi_0688.jpg,pituitary,pituitary,0.923409
data/val\pituitary\Tr-pi_0689.jpg,pituitary,pituitary,0.980714
data/val\pituitary\Tr-pi_0702.jpg,pituitary,pituitary,0.938934
data/val\pituitary\Tr-pi_0703.jpg,pituitary,pituitary,0.917876
data/val\pituitary\Tr-pi_0704.jpg,pituitary,pituitary,0.946958
data/val\pituitary\Tr-pi_0723.jpg,pituitary,pituitary,0.958690
data/val\pituitary\Tr-pi_0724.jpg,pituitary,pituitary,0.960454
data/val\pituitary\Tr-pi_0729.jpg,pituitary,pituitary,0.963505
data/val\pituitary\Tr-pi_0730.jpg,pituitary,pituitary,0.970483
data/val\pituitary\Tr-pi_0732.jpg,pituitary,pituitary,0.989743
data/val\pituitary\Tr-pi_0736.jpg,pituitary,pituitary,0.924162
data/val\pituitary\Tr-pi_0745.jpg,pituitary,pituitary,0.986034
data/val\pituitary\Tr-pi_0754.jpg,pituitary,pituitary,0.871119
data/val\pituitary\Tr-pi_0760.jpg,pituitary,pituitary,0.990092
data/val\pituitary\Tr-pi_0765.jpg,pituitary,pituitary,0.998585
data/val\pituitary\Tr-pi_0772.jpg,pituitary,pituitary,0.968385
data/val\pituitary\Tr-pi_0777.jpg,pituitary,pituitary,0.992875
data/val\pituitary\Tr-pi_0782.jpg,pituitary,pituitary,0.963619
data/val\pituitary\Tr-pi_0783.jpg,pituitary,pituitary,0.946135
data/val\pituitary\Tr-pi_0787.jpg,pituitary,pituitary,0.919541
data/val\pituitary\Tr-pi_0789.jpg,pituitary,pituitary,0.998720
data/val\pituitary\Tr-pi_0808.jpg,pituitary,pituitary,0.996843
data/val\pituitary\Tr-pi_0809.jpg,pituitary,pituitary,0.981229
data/val\pituitary\Tr-pi_0818.jpg,pituitary,pituitary,0.976319
data/val\pituitary\Tr-pi_0822.jpg,pituitary,pituitary,0.987047
data/val\pituitary\Tr-pi_0823.jpg,pituitary,pituitary,0.946980
data/val\pituitary\Tr-pi_0824.jpg,pituitary,pituitary,0.981872
data/val\pituitary\Tr-pi_0833.jpg,pituitary,pituitary,0.996714
data/val\pituitary\Tr-pi_0836.jpg,pituitary,pituitary,0.907158
data/val\pituitary\Tr-pi_0844.jpg,pituitary,pituitary,0.997708
data/val\pituitary\Tr-pi_0849.jpg,pituitary,pituitary,0.928484
data/val\pituitary\Tr-pi_0850.jpg,pituitary,pituitary,0.979273
data/val\pituitary\Tr-pi_0855.jpg,pituitary,pituitary,0.921726
data/val\pituitary\Tr-pi_0857.jpg,pituitary,pituitary,0.999254
data/val\pituitary\Tr-pi_0860.jpg,pituitary,pituitary,0.999297
data/val\pituitary\Tr-pi_0865.jpg,pituitary,pituitary,0.998411
data/val\pituitary\Tr-pi_0872.jpg,pituitary,pituitary,0.995153
data/val\pituitary\Tr-pi_0874.jpg,pituitary,pituitary,0.997243
data/val\pituitary\Tr-pi_0882.jpg,pituitary,pituitary,0.998008
data/val\pituitary\Tr-pi_0883.jpg,pituitary,pituitary,0.996181
data/val\pituitary\Tr-pi_0885.jpg,pituitary,pituitary,0.996264
data/val\pituitary\Tr-pi_0890.jpg,pituitary,pituitary,0.988744
data/val\pituitary\Tr-pi_0901.jpg,pituitary,pituitary,0.993903
data/val\pituitary\Tr-pi_0908.jpg,pituitary,pituitary,0.980813
data/val\pituitary\Tr-pi_0926.jpg,pituitary,pituitary,0.975867
data/val\pituitary\Tr-pi_0930.jpg,pituitary,pituitary,0.982708
data/val\pituitary\Tr-pi_0937.jpg,pituitary,pituitary,0.981571
data/val\pituitary\Tr-pi_0954.jpg,pituitary,pituitary,0.979004
data/val\pituitary\Tr-pi_0974.jpg,pituitary,pituitary,0.946980
data/val\pituitary\Tr-pi_0978.jpg,pituitary,pituitary,0.991717
data/val\pituitary\Tr-pi_0981.jpg,pituitary,pituitary,0.996802
data/val\pituitary\Tr-pi_0991.jpg,pituitary,pituitary,0.995579
data/val\pituitary\Tr-pi_0994.jpg,pituitary,pituitary,0.993368
data/val\pituitary\Tr-pi_0995.jpg,pituitary,pituitary,0.898375
data/val\pituitary\Tr-pi_0997.jpg,pituitary,pituitary,0.975865
data/val\pituitary\Tr-pi_0999.jpg,pituitary,pituitary,0.939182
data/val\pituitary\Tr-pi_1007.jpg,pituitary,pituitary,0.969942
data/val\pituitary\Tr-pi_1012.jpg,pituitary,pituitary,0.940702
data/val\pituitary\Tr-pi_1029.jpg,pituitary,pituitary,0.988124
data/val\pituitary\Tr-pi_1032.jpg,pituitary,pituitary,0.993050
data/val\pituitary\Tr-pi_1039.jpg,pituitary,pituitary,0.977776
data/val\pituitary\Tr-pi_1041.jpg,pituitary,pituitary,0.993748
data/val\pituitary\Tr-pi_1044.jpg,pituitary,pituitary,0.997082
data/val\pituitary\Tr-pi_1045.jpg,pituitary,pituitary,0.976120
data/val\pituitary\Tr-pi_1049.jpg,pituitary,pituitary,0.855311
data/val\pituitary\Tr-pi_1058.jpg,pituitary,pituitary,0.993776
data/val\pituitary\Tr-pi_1060.jpg,pituitary,pituitary,0.994565
data/val\pituitary\Tr-pi_1063.jpg,pituitary,pituitary,0.968638
data/val\pituitary\Tr-pi_1067.jpg,pituitary,pituitary,0.940486
data/val\pituitary\Tr-pi_1068.jpg,pituitary,pituitary,0.974510
data/val\pituitary\Tr-pi_1083.jpg,pituitary,pituitary,0.993950
data/val\pituitary\Tr-pi_1084.jpg,pituitary,pituitary,0.983169
data/val\pituitary\Tr-pi_1093.jpg,pituitary,pituitary,0.894063
data/val\pituitary\Tr-pi_1105.jpg,pituitary,pituitary,0.930320
data/val\pituitary\Tr-pi_1110.jpg,pituitary,pituitary,0.988199
data/val\pituitary\Tr-pi_1118.jpg,pituitary,pituitary,0.980046
data/val\pituitary\Tr-pi_1126.jpg,pituitary,pituitary,0.995239
data/val\pituitary\Tr-pi_1131.jpg,pituitary,pituitary,0.999048
data/val\pituitary\Tr-pi_1133.jpg,pituitary,pituitary,0.989744
data/val\pituitary\Tr-pi_1134.jpg,pituitary,pituitary,0.994475
data/val\pituitary\Tr-pi_1137.jpg,pituitary,pituitary,0.977237
data/val\pituitary\Tr-pi_1146.jpg,pituitary,pituitary,0.948617
data/val\pituitary\Tr-pi_1152.jpg,pituitary,pituitary,0.960243
data/val\pituitary\Tr-pi_1154.jpg,pituitary,pituitary,0.930853
data/val\pituitary\Tr-pi_1155.jpg,pituitary,pituitary,0.976783
data/val\pituitary\Tr-pi_1158.jpg,pituitary,pituitary,0.993596
data/val\pituitary\Tr-pi_1159.jpg,pituitary,pituitary,0.996509
data/val\pituitary\Tr-pi_1164.jpg,pituitary,pituitary,0.976753
data/val\pituitary\Tr-pi_1166.jpg,pituitary,pituitary,0.998752
data/val\pituitary\Tr-pi_1167.jpg,pituitary,pituitary,0.996004
data/val\pituitary\Tr-pi_1169.jpg,pituitary,pituitary,0.995617
data/val\pituitary\Tr-pi_1173.jpg,pituitary,pituitary,0.948279
data/val\pituitary\Tr-pi_1177.jpg,pituitary,pituitary,0.927475
data/val\pituitary\Tr-pi_1186.jpg,pituitary,pituitary,0.969329
data/val\pituitary\Tr-pi_1192.jpg,pituitary,pituitary,0.990183
data/val\pituitary\Tr-pi_1194.jpg,pituitary,pituitary,0.997706
data/val\pituitary\Tr-pi_1196.jpg,pituitary,pituitary,0.646229
data/val\pituitary\Tr-pi_1200.jpg,pituitary,pituitary,0.830753
data/val\pituitary\Tr-pi_1202.jpg,pituitary,pituitary,0.795918
data/val\pituitary\Tr-pi_1204.jpg,pituitary,pituitary,0.996123
data/val\pituitary\Tr-pi_1207.jpg,pituitary,pituitary,0.988651
data/val\pituitary\Tr-pi_1215.jpg,pituitary,pituitary,0.994356
data/val\pituitary\Tr-pi_1222.jpg,pituitary,pituitary,0.570572
data/val\pituitary\Tr-pi_1223.jpg,pituitary,pituitary,0.993561
data/val\pituitary\Tr-pi_1232.jpg,pituitary,pituitary,0.909327
data/val\pituitary\Tr-pi_1240.jpg,pituitary,pituitary,0.981905
data/val\pituitary\Tr-pi_1241.jpg,pituitary,pituitary,0.993402
data/val\pituitary\Tr-pi_1245.jpg,pituitary,pituitary,0.969172
data/val\pituitary\Tr-pi_1255.jpg,pituitary,pituitary,0.986571
data/val\pituitary\Tr-pi_1257.jpg,pituitary,pituitary,0.996679
data/val\pituitary\Tr-pi_1259.jpg,pituitary,pituitary,0.987617
data/val\pituitary\Tr-pi_1268.jpg,pituitary,pituitary,0.987479
data/val\pituitary\Tr-pi_1270.jpg,pituitary,pituitary,0.826503
data/val\pituitary\Tr-pi_1283.jpg,pituitary,pituitary,0.999295
data/val\pituitary\Tr-pi_1286.jpg,pituitary,pituitary,0.994191
data/val\pituitary\Tr-pi_1297.jpg,pituitary,pituitary,0.992817
data/val\pituitary\Tr-pi_1301.jpg,pituitary,pituitary,0.911319
data/val\pituitary\Tr-pi_1304.jpg,pituitary,pituitary,0.911327
data/val\pituitary\Tr-pi_1306.jpg,pituitary,pituitary,0.691290
data/val\pituitary\Tr-pi_1314.jpg,pituitary,pituitary,0.973284
data/val\pituitary\Tr-pi_1316.jpg,pituitary,pituitary,0.999246
data/val\pituitary\Tr-pi_1318.jpg,pituitary,pituitary,0.695475
data/val\pituitary\Tr-pi_1322.jpg,pituitary,pituitary,0.985092
data/val\pituitary\Tr-pi_1324.jpg,pituitary,pituitary,0.997313
data/val\pituitary\Tr-pi_1325.jpg,pituitary,pituitary,0.993387
data/val\pituitary\Tr-pi_1331.jpg,pituitary,pituitary,0.989432
data/val\pituitary\Tr-pi_1332.jpg,pituitary,pituitary,0.875675
data/val\pituitary\Tr-pi_1333.jpg,pituitary,pituitary,0.889436
data/val\pituitary\Tr-pi_1339.jpg,pituitary,pituitary,0.981800
data/val\pituitary\Tr-pi_1344.jpg,pituitary,pituitary,0.994309
data/val\pituitary\Tr-pi_1349.jpg,pituitary,pituitary,0.961836
data/val\pituitary\Tr-pi_1357.jpg,pituitary,pituitary,0.806585
data/val\pituitary\Tr-pi_1358.jpg,pituitary,meningioma,0.561773
data/val\pituitary\Tr-pi_1361.jpg,pituitary,pituitary,0.998797
data/val\pituitary\Tr-pi_1362.jpg,pituitary,pituitary,0.998277
data/val\pituitary\Tr-pi_1364.jpg,pituitary,pituitary,0.995408
data/val\pituitary\Tr-pi_1366.jpg,pituitary,pituitary,0.998818
data/val\pituitary\Tr-pi_1367.jpg,pituitary,pituitary,0.991578
data/val\pituitary\Tr-pi_1369.jpg,pituitary,pituitary,0.999731
data/val\pituitary\Tr-pi_1375.jpg,pituitary,pituitary,0.996654
data/val\pituitary\Tr-pi_1382.jpg,pituitary,pituitary,0.888609
data/val\pituitary\Tr-pi_1389.jpg,pituitary,pituitary,0.996370
data/val\pituitary\Tr-pi_1400.jpg,pituitary,pituitary,0.972431
data/val\pituitary\Tr-pi_1401.jpg,pituitary,pituitary,0.803299
data/val\pituitary\Tr-pi_1408.jpg,pituitary,pituitary,0.989628
data/val\pituitary\Tr-pi_1413.jpg,pituitary,pituitary,0.976557
data/val\pituitary\Tr-pi_1418.jpg,pituitary,pituitary,0.991606
data/val\pituitary\Tr-pi_1421.jpg,pituitary,pituitary,0.990507
data/val\pituitary\Tr-pi_1424.jpg,pituitary,pituitary,0.996148
data/val\pituitary\Tr-pi_1431.jpg,pituitary,pituitary,0.990239
data/val\pituitary\Tr-pi_1434.jpg,pituitary,pituitary,0.919641
data/val\pituitary\Tr-pi_1435.jpg,pituitary,pituitary,0.993308
data/val\pituitary\Tr-pi_1442.jpg,pituitary,pituitary,0.995393
data/val\pituitary\Tr-pi_1446.jpg,pituitary,pituitary,0.992264
